"Issue Id","Issue Type","Summary","Description","Priority","Labels","Labels","Parent","Story Points","Sprint","Orden"
"E01","Epic","E01 Plataforma base, multi-tenant y accesos","Cuentas de empresa aisladas entre sí, usuarios, roles y configuración regional.","Highest","LatAm","E01","","","",""
"E02","Epic","E02 Contactos y organizaciones","Base de clientes con historial, campos propios, búsqueda e importación.","Highest","LatAm","E02","","","",""
"E03","Epic","E03 Embudos de venta y negocios","Tablero Kanban con varios embudos, negocios y reglas por etapa.","Highest","LatAm","E03","","","",""
"E04","Epic","E04 Bandeja omnicanal (WhatsApp primero)","Conversaciones de clientes centralizadas, empezando por WhatsApp Cloud API.","Highest","LatAm","E04","","","",""
"E05","Epic","E05 Agente de IA","Atender el primer contacto, calificar al lead y pasar al vendedor, con control de costos y seguridad.","Highest","LatAm","E05","","","",""
"E06","Epic","E06 Tareas y recordatorios","Que ningún cliente se pierda: próximos pasos con responsable y fecha.","Highest","LatAm","E06","","","",""
"E07","Epic","E07 Automatización","Reglas que ahorran trabajo manual, de lo simple a un constructor visual.","Highest","LatAm","E07","","","",""
"E08","Epic","E08 Analítica y reportes","Responder preguntas de negocio con números reales.","Highest","LatAm","E08","","","",""
"E09","Epic","E09 Captura de leads y publicidad","Que los leads lleguen solos desde web y anuncios, con atribución.","Highest","LatAm","E09","","","",""
"E10","Epic","E10 Planes, pagos y facturación","Cobrar la suscripción en moneda local y cumplir con la facturación electrónica.","Highest","LatAm","E10","","","",""
"E11","Epic","E11 API e integraciones","Abrir la plataforma a otros sistemas y facilitar la migración.","High","LatAm","E11","","","",""
"E12","Epic","E12 Voz y colaboración","Llamadas y comunicación interna.","High","LatAm","E12","","","",""
"E13","Epic","E13 Seguridad, privacidad y cumplimiento","Proteger datos y cumplir Habeas Data (Ley 1581 de 2012) y normas de la región.","Highest","LatAm","E13","","","",""
"E14","Epic","E14 Experiencia web, móvil y onboarding","Que un equipo nuevo empiece a vender en un día.","Highest","LatAm","E14","","","",""
"E15","Epic","E15 Infraestructura, DevOps y calidad","Base técnica confiable para operar un SaaS con mensajería en tiempo real.","Highest","LatAm","E15","","","",""
"E15-S01","Story","Ambientes e infraestructura como código","Criterios de aceptación: Entornos dev, staging y prod reproducibles con Terraform.","Highest","MVP","E15","E15","8","Sprint 0","1"
"E15-S02","Story","CI/CD con pruebas automáticas","Criterios de aceptación: Pipeline con pruebas unitarias, de integración y de aislamiento; despliegues sin caída.","Highest","MVP","E15","E15","5","Sprint 0","2"
"E01-S05","Story","Aislamiento multi-tenant (tenant_id + RLS)","Criterios de aceptación: Ninguna consulta devuelve datos de otro tenant; pruebas automáticas de fuga entre tenants corren en CI.","Highest","MVP","E01","E01","8","Sprint 1","3"
"E01-S01","Story","Registro de empresa y usuario propietario","Criterios de aceptación: Con un correo válido se crea el tenant y el usuario propietario; se envía verificación de correo; se asigna el plan de prueba.","Highest","MVP","E01","E01","5","Sprint 1","4"
"E01-S02","Story","Inicio de sesión y recuperación de contraseña","Criterios de aceptación: Login con correo y clave; bloqueo temporal tras 5 intentos fallidos; el enlace de recuperación vence en 1 hora.","Highest","MVP","E01","E01","3","Sprint 1","5"
"E01-S06","Story","Configuración de empresa","Criterios de aceptación: Zona horaria (America/Bogota por defecto), moneda, idioma y horario laboral editables por el propietario.","Highest","MVP","E01","E01","3","Sprint 1","6"
"E01-S03","Story","Invitar usuarios por correo","Criterios de aceptación: Propietario o admin invitan; el enlace vence a los 7 días; se respeta el límite de usuarios del plan.","Highest","MVP","E01","E01","3","Sprint 1","7"
"E01-S04","Story","Roles y permisos (propietario, admin, vendedor)","Criterios de aceptación: Matriz de permisos documentada; el vendedor solo ve lo asignado si la regla está activa; pruebas automáticas de autorización.","Highest","MVP","E01","E01","8","Sprint 1","8"
"E15-S03","Story","Observabilidad y alertas","Criterios de aceptación: Logs estructurados, métricas, trazas, Sentry y alertas de errores y latencia.","Highest","MVP","E15","E15","8","Sprint 1","9"
"E15-S04","Story","Backups y prueba de restauración","Criterios de aceptación: Backups diarios cifrados con retención de 30 días y restauración probada.","Highest","MVP","E15","E15","5","Sprint 1","10"
"E13-S05","Story","Cifrado y gestión de secretos","Criterios de aceptación: TLS 1.2+ en tránsito, cifrado en reposo y tokens de Meta en un gestor de secretos.","Highest","MVP","E13","E13","5","Sprint 1","11"
"E02-S01","Story","CRUD de contactos","Criterios de aceptación: Nombre, teléfono en formato E.164, correo, etiquetas y notas; validación de teléfonos de Colombia (+57) y otros países de LatAm.","Highest","MVP","E02","E02","5","Sprint 2","12"
"E02-S03","Story","Organizaciones y vínculo persona-empresa","Criterios de aceptación: Una organización tiene varias personas; una persona puede pertenecer a varias organizaciones.","Highest","MVP","E02","E02","3","Sprint 2","13"
"E02-S04","Story","Campos personalizados","Criterios de aceptación: Tipos: texto, número, fecha, lista, multiselección y moneda; definidos por tenant; usables en filtros; máximo 50.","Highest","MVP","E02","E02","5","Sprint 2","14"
"E02-S06","Story","Filtros, etiquetas y vistas guardadas","Criterios de aceptación: Filtros combinables por cualquier campo; las vistas se guardan por usuario o se comparten con el equipo.","Highest","MVP","E02","E02","5","Sprint 2","15"
"E02-S07","Story","Búsqueda global","Criterios de aceptación: Busca por nombre, teléfono y correo ignorando tildes y mayúsculas; resultados en menos de 500 ms (p95).","Highest","MVP","E02","E02","3","Sprint 2","16"
"E03-S01","Story","Crear y editar embudos y etapas","Criterios de aceptación: Varios embudos por tenant; etapas ordenables, renombrables y con color; no se borra una etapa con negocios.","Highest","MVP","E03","E03","5","Sprint 2","17"
"E03-S03","Story","Ficha de negocio","Criterios de aceptación: Valor, moneda, probabilidad, fecha estimada de cierre, responsable y fuente; vinculada a contacto y organización.","Highest","MVP","E03","E03","5","Sprint 2","18"
"E03-S02","Story","Tablero Kanban con arrastrar y soltar","Criterios de aceptación: Mover un negocio actualiza la etapa y se refleja en tiempo real para otros usuarios (WebSocket).","Highest","MVP","E03","E03","8","Sprint 2","19"
"E03-S04","Story","Cierre ganado o perdido con motivo","Criterios de aceptación: Al cerrar se exige motivo (lista configurable); queda en el historial y alimenta reportes.","Highest","MVP","E03","E03","3","Sprint 2","20"
"E15-S05","Story","Colas y workers con reintentos","Criterios de aceptación: Procesamiento asíncrono de webhooks, IA y envíos con reintentos exponenciales y cola de mensajes fallidos.","Highest","MVP","E15","E15","8","Sprint 2","21"
"E04-S01","Story","Conexión de número de WhatsApp (Embedded Signup)","Criterios de aceptación: El propietario conecta su número con un flujo guiado; token guardado cifrado; se muestra estado de verificación y calidad del número.","Highest","MVP","E04","E04","13","Sprint 3","22"
"E04-S02","Story","Recepción de mensajes por webhook","Criterios de aceptación: Valida firma X-Hub-Signature-256; idempotente por ID de mensaje; mensaje visible en menos de 3 s (p95); crea contacto y negocio si no existen.","Highest","MVP","E04","E04","8","Sprint 3","23"
"E04-S03","Story","Envío de texto y multimedia","Criterios de aceptación: Estados enviado/entregado/leído; errores de Meta traducidos a mensajes legibles; reintentos controlados.","Highest","MVP","E04","E04","8","Sprint 3","24"
"E04-S04","Story","Ventana de 24 horas","Criterios de aceptación: Indicador visible del tiempo restante; fuera de ventana solo se permite enviar plantillas.","Highest","MVP","E04","E04","5","Sprint 3","25"
"E15-S06","Story","Rate limiting y cuotas de Meta","Criterios de aceptación: Control de ritmo de envíos por número; manejo de errores 429 y de cuotas.","Highest","MVP","E15","E15","5","Sprint 3","26"
"E13-S01","Story","Términos y aviso de privacidad","Criterios de aceptación: Aceptación registrada con versión, fecha e IP; texto en español revisado por un abogado.","Highest","MVP","E13","E13","3","Sprint 3","27"
"E14-S02","Story","Idioma y formatos regionales","Criterios de aceptación: Español de Colombia por defecto; formatos de moneda y fecha por país; estructura lista para es-MX y pt-BR.","Highest","MVP","E14","E14","5","Sprint 3","28"
"E04-S05","Story","Gestión de plantillas","Criterios de aceptación: Crear, enviar a aprobación, ver estado (aprobada/rechazada) y usar variables; categorías respetadas.","Highest","MVP","E04","E04","8","Sprint 4","29"
"E04-S06","Story","Notas de voz, imágenes y documentos","Criterios de aceptación: Se reciben, almacenan (URL firmada) y reproducen dentro de la conversación; límite de tamaño documentado.","Highest","MVP","E04","E04","5","Sprint 4","30"
"E04-S07","Story","Bandeja con filtros y asignación","Criterios de aceptación: Filtros: no leídas, mías, sin asignar; asignar y transferir conversación; contador de no leídas.","Highest","MVP","E04","E04","8","Sprint 4","31"
"E04-S08","Story","Notas internas y respuestas rápidas","Criterios de aceptación: Notas invisibles al cliente; respuestas rápidas con atajo ""/"" y variables del contacto.","Highest","MVP","E04","E04","3","Sprint 4","32"
"E04-S09","Story","Consentimiento (opt-in) y baja (opt-out)","Criterios de aceptación: Se registra origen y fecha del consentimiento; al recibir la palabra de baja se bloquean envíos de plantillas.","Highest","MVP","E04","E04","5","Sprint 4","33"
"E04-S10","Story","Mensajería fuera de horario","Criterios de aceptación: Respuesta automática configurable fuera del horario laboral, una vez por conversación.","Highest","MVP","E04","E04","3","Sprint 4","34"
"E02-S05","Story","Línea de tiempo del contacto","Criterios de aceptación: Muestra mensajes, llamadas, notas, tareas y cambios de etapa en orden cronológico con paginación.","Highest","MVP","E02","E02","5","Sprint 4","35"
"E14-S01","Story","Interfaz responsive, móvil primero","Criterios de aceptación: La bandeja y el Kanban son plenamente usables en un teléfono de 360 px de ancho.","Highest","MVP","E14","E14","8","Sprint 4","36"
"E06-S01","Story","CRUD de tareas vinculadas","Criterios de aceptación: Vinculadas a contacto o negocio, con responsable, vencimiento y estado.","Highest","MVP","E06","E06","5","Sprint 5","37"
"E06-S02","Story","Recordatorios y notificaciones","Criterios de aceptación: Aviso in-app y por correo al vencimiento; el usuario elige la anticipación.","Highest","MVP","E06","E06","5","Sprint 5","38"
"E02-S02","Story","Detección y fusión de duplicados","Criterios de aceptación: Al crear un contacto con teléfono o correo existente se advierte; la fusión conserva conversaciones, negocios y tareas.","Highest","MVP","E02","E02","5","Sprint 5","39"
"E02-S08","Story","Importación CSV con mapeo","Criterios de aceptación: Carga de hasta 50 000 filas; mapeo de columnas; vista previa; reporte descargable de filas con error.","Highest","MVP","E02","E02","8","Sprint 5","40"
"E02-S09","Story","Exportación de datos CSV","Criterios de aceptación: El propietario exporta contactos, negocios y tareas en cualquier momento; el evento queda en auditoría.","Highest","MVP","E02","E02","3","Sprint 5","41"
"E09-S01","Story","Enlace y botón Click-to-WhatsApp con UTM","Criterios de aceptación: Generador de enlaces con parámetros; el origen y la campaña se guardan en el contacto.","Highest","MVP","E09","E09","3","Sprint 5","42"
"E10-S01","Story","Planes y límites configurables","Criterios de aceptación: Límites por plan: usuarios, canales, cuota de IA y almacenamiento; se aplican en toda la plataforma.","Highest","MVP","E10","E10","8","Sprint 5","43"
"E07-S01","Story","Reglas predefinidas del MVP","Criterios de aceptación: Cuatro reglas activables: lead nuevo → asignar y crear tarea; sin respuesta en X horas → recordatorio; cambio de etapa → enviar plantilla; negocio ganado → notificar. Con registro de ejecuciones.","Highest","MVP","E07","E07","8","Sprint 5","44"
"E05-S01","Story","Configuración del agente","Criterios de aceptación: Nombre, tono, idioma, horario de atención e instrucciones del negocio editables; vista previa en un simulador.","Highest","MVP","E05","E05","5","Sprint 6","45"
"E05-S02","Story","Base de conocimiento","Criterios de aceptación: Carga de FAQ, texto, PDF y URL; indexación vectorial (pgvector); estado de indexación visible.","Highest","MVP","E05","E05","8","Sprint 6","46"
"E05-S03","Story","Respuestas automáticas con RAG en WhatsApp","Criterios de aceptación: Responde solo con información de la base; si no sabe, escala a humano; latencia p95 menor a 10 s.","Highest","MVP","E05","E05","13","Sprint 6","47"
"E05-S06","Story","Cuotas y control de costos","Criterios de aceptación: Cuota mensual de respuestas por plan; contador visible; alertas al 80 % y 100 %; bloqueo configurable.","Highest","MVP","E05","E05","5","Sprint 6","48"
"E05-S07","Story","Guardrails y seguridad del agente","Criterios de aceptación: Defensa ante prompt injection, no revela instrucciones internas, no promete precios o descuentos no autorizados, filtra datos sensibles.","Highest","MVP","E05","E05","8","Sprint 6","49"
"E05-S08","Story","Registro de conversaciones de IA","Criterios de aceptación: Guarda prompt, respuesta, modelo, tokens y costo por mensaje; consultable por el propietario.","Highest","MVP","E05","E05","3","Sprint 6","50"
"E13-S02","Story","Consentimiento y finalidad por contacto","Criterios de aceptación: Guarda base legal, finalidad y fecha del consentimiento de cada contacto.","Highest","MVP","E13","E13","5","Sprint 6","51"
"E05-S04","Story","Calificación del lead","Criterios de aceptación: Captura nombre, interés, presupuesto u otros campos definidos y los guarda en contacto y negocio.","Highest","MVP","E05","E05","8","Sprint 7","52"
"E05-S05","Story","Traspaso a humano y pausa","Criterios de aceptación: La IA se pausa cuando un vendedor responde; botón de pausar/reanudar; palabras de escalamiento (""asesor"", ""humano"").","Highest","MVP","E05","E05","5","Sprint 7","53"
"E08-S01","Story","Panel básico","Criterios de aceptación: Leads nuevos, negocios por etapa, tasa de conversión y valor del pipeline, con rango de fechas.","Highest","MVP","E08","E08","8","Sprint 7","54"
"E08-S02","Story","Primera respuesta y SLA","Criterios de aceptación: Tiempo promedio de primera respuesta por vendedor y alertas al superar el SLA definido.","Highest","MVP","E08","E08","5","Sprint 7","55"
"E08-S03","Story","Rendimiento por vendedor y por fuente","Criterios de aceptación: Negocios, ingresos y conversión por responsable y por canal de origen.","Highest","MVP","E08","E08","5","Sprint 7","56"
"E08-S04","Story","Analítica de producto interna","Criterios de aceptación: Eventos de activación (registro, conexión de WhatsApp, primer lead) para medir el embudo propio.","Highest","MVP","E08","E08","3","Sprint 7","57"
"E10-S03","Story","Suscripción recurrente en COP","Criterios de aceptación: Cobro con pasarela local (Wompi, Mercado Pago o PayU); procesa webhooks de pago; reintentos ante fallos; estados de cuenta claros.","Highest","MVP","E10","E10","13","Sprint 7","58"
"E13-S03","Story","Derechos del titular","Criterios de aceptación: Consulta, actualización, supresión y exportación de los datos de un contacto atendidos desde la plataforma.","Highest","MVP","E13","E13","8","Sprint 8","59"
"E13-S04","Story","Eliminación de la empresa y sus datos","Criterios de aceptación: Un botón con doble confirmación elimina todo; purga en backups según política documentada.","Highest","MVP","E13","E13","5","Sprint 8","60"
"E13-S06","Story","Registro de auditoría","Criterios de aceptación: Quién vio, modificó, exportó o eliminó datos; consultable y no editable.","Highest","MVP","E13","E13","8","Sprint 8","61"
"E14-S03","Story","Onboarding guiado","Criterios de aceptación: Lista de pasos: conectar WhatsApp, elegir plantilla de embudo, importar contactos e invitar al equipo; medir el avance.","Highest","MVP","E14","E14","8","Sprint 8","62"
"E14-S04","Story","Notificaciones y preferencias","Criterios de aceptación: Notificaciones in-app y por correo configurables por tipo de evento.","Highest","MVP","E14","E14","5","Sprint 8","63"
"E10-S02","Story","Prueba gratuita sin tarjeta","Criterios de aceptación: Duración configurable (14 o 30 días); al vencer, la cuenta queda en solo lectura sin perder datos.","Highest","MVP","E10","E10","5","Sprint 8","64"
"E13-S07","Story","Pruebas de seguridad previas al lanzamiento","Criterios de aceptación: Análisis estático y de dependencias en CI; pruebas de penetración antes de abrir a clientes.","Highest","MVP","E13","E13","5","Sprint 9","65"
"E04-S11","Story","Alertas de calidad y límites de mensajería","Criterios de aceptación: Notifica caída de calidad del número y acercamiento al límite de conversaciones iniciadas.","High","Fase-2","E04","E04","5","Sprint 10","66"
"E04-S12","Story","Coexistencia con la app WhatsApp Business","Criterios de aceptación: Usar el mismo número en la app y la API, si Meta lo habilita en el país (validar disponibilidad).","High","Fase-2","E04","E04","5","Sprint 10","67"
"E01-S07","Story","Login con Google (OAuth)","Criterios de aceptación: Un usuario puede entrar con su cuenta de Google y se vincula a su cuenta existente por correo verificado.","High","Fase-2","E01","E01","3","Sprint 10","68"
"E01-S08","Story","Autenticación en dos pasos (TOTP)","Criterios de aceptación: Activación opcional con app autenticadora y códigos de respaldo; el propietario puede exigirla a todo el equipo.","High","Fase-2","E01","E01","5","Sprint 10","69"
"E10-S04","Story","Facturación electrónica propia (DIAN)","Criterios de aceptación: La plataforma emite factura electrónica a sus clientes mediante un proveedor tecnológico autorizado. Al inicio del piloto puede hacerse de forma manual.","High","Fase-2","E10","E10","13","Sprint 10","70"
"E10-S05","Story","Cambio de plan y cancelación","Criterios de aceptación: Upgrade y downgrade con prorrateo; cancelación con conservación de datos por un periodo definido.","High","Fase-2","E10","E10","8","Sprint 10","71"
"E15-S07","Story","Página de estado y monitoreo","Criterios de aceptación: Monitoreo externo de disponibilidad y página de estado pública.","High","Fase-2","E15","E15","3","Sprint 10","72"
"E15-S08","Story","Pruebas de carga","Criterios de aceptación: Escenarios con miles de conversaciones simultáneas; resultados documentados.","High","Fase-2","E15","E15","5","Sprint 10","73"
"E04-S13","Story","Instagram Direct","Criterios de aceptación: Mensajes de cuenta de empresa llegan como conversaciones; se responde desde la bandeja; maneja ventana de mensajería.","High","Fase-2","E04","E04","13","Sprint 11","74"
"E04-S14","Story","Facebook Messenger","Criterios de aceptación: Mismas capacidades que Instagram Direct para páginas de Facebook.","High","Fase-2","E04","E04","8","Sprint 11","75"
"E04-S15","Story","Correo electrónico en la tarjeta","Criterios de aceptación: Conexión OAuth con Gmail y Microsoft 365; los correos se asocian al contacto; se responde desde el CRM.","High","Fase-2","E04","E04","13","Sprint 11","76"
"E02-S10","Story","Búsqueda tolerante a errores","Criterios de aceptación: Encuentra clientes con errores de escritura y por los últimos dígitos del teléfono (pg_trgm).","High","Fase-2","E02","E02","5","Sprint 11","77"
"E03-S05","Story","Campos obligatorios por etapa","Criterios de aceptación: No permite avanzar si faltan campos requeridos; el mensaje indica cuáles.","High","Fase-2","E03","E03","5","Sprint 11","78"
"E03-S06","Story","Plantillas de embudo por sector","Criterios de aceptación: Plantillas para clínica, inmobiliaria, educación, comercio y servicios; se aplican en el onboarding.","High","Fase-2","E03","E03","3","Sprint 11","79"
"E04-S16","Story","Envíos masivos segmentados","Criterios de aceptación: Segmentos guardados, programación, límite por calidad del número, excluye bajas, reporte de entrega y respuesta.","High","Fase-2","E04","E04","13","Sprint 12","80"
"E09-S02","Story","Formularios web embebibles","Criterios de aceptación: Snippet JS con campos configurables y protección anti-spam; el envío crea contacto y negocio en el embudo elegido.","High","Fase-2","E09","E09","8","Sprint 12","81"
"E09-S03","Story","Meta Lead Ads","Criterios de aceptación: Los formularios de Facebook e Instagram crean contacto y negocio automáticamente.","High","Fase-2","E09","E09","8","Sprint 12","82"
"E09-S04","Story","Atribución de anuncios Click-to-WhatsApp","Criterios de aceptación: Lee los datos de referencia del anuncio en el primer mensaje y los asocia al negocio.","High","Fase-2","E09","E09","8","Sprint 12","83"
"E03-S07","Story","Asignación automática (round robin)","Criterios de aceptación: Reparte leads nuevos entre vendedores disponibles según reglas de horario y carga.","High","Fase-2","E03","E03","5","Sprint 12","84"
"E06-S03","Story","Tareas recurrentes","Criterios de aceptación: Repetición diaria, semanal o mensual; se genera la siguiente al completar.","High","Fase-2","E06","E06","3","Sprint 12","85"
"E07-S02","Story","Motor de reglas (disparador, condición, acción)","Criterios de aceptación: Ejecución idempotente con reintentos y cola de errores; límite de ejecuciones por plan.","High","Fase-2","E07","E07","13","Sprint 13","86"
"E07-S03","Story","Constructor visual de escenarios","Criterios de aceptación: Lienzo para armar reglas sin código, con pruebas en modo simulación.","High","Fase-2","E07","E07","21","Sprint 13","87"
"E07-S04","Story","Robots por etapa","Criterios de aceptación: Acciones cuando un negocio lleva X días estancado, el cliente no responde o se gana el negocio.","High","Fase-2","E07","E07","8","Sprint 13","88"
"E07-S05","Story","Webhook saliente como acción","Criterios de aceptación: Una regla puede llamar a una URL externa con carga útil configurable y firma.","High","Fase-2","E07","E07","5","Sprint 13","89"
"E05-S09","Story","Transcripción de notas de voz","Criterios de aceptación: Las notas de voz se transcriben y el agente puede responder sobre su contenido; se muestra la transcripción.","High","Fase-2","E05","E05","8","Sprint 14","90"
"E05-S10","Story","Resumen de conversación y próximo paso","Criterios de aceptación: Un clic genera resumen, temperatura del lead y acción sugerida; se guarda como nota.","High","Fase-2","E05","E05","5","Sprint 14","91"
"E05-S11","Story","Agendamiento de citas por el agente","Criterios de aceptación: El agente propone horarios libres y crea la cita en el calendario conectado.","High","Fase-2","E05","E05","8","Sprint 14","92"
"E05-S12","Story","Evaluaciones automáticas (evals)","Criterios de aceptación: Conjunto de conversaciones de prueba en CI que detecta regresiones de calidad al cambiar prompts o modelo.","High","Fase-2","E05","E05","5","Sprint 14","93"
"E06-S04","Story","Vista ""mis tareas"" y calendario","Criterios de aceptación: Lista de hoy, atrasadas y próximas; vista de calendario semanal.","High","Fase-2","E06","E06","5","Sprint 14","94"
"E06-S05","Story","Sincronización con Google Calendar","Criterios de aceptación: Sincronización bidireccional de tareas y citas con el calendario del usuario.","High","Fase-2","E06","E06","8","Sprint 14","95"
"E08-S05","Story","Porcentaje atendido por IA y costo","Criterios de aceptación: Proporción de conversaciones resueltas por IA, costo por conversación y ahorro estimado.","High","Fase-2","E08","E08","5","Sprint 14","96"
"E08-S06","Story","Reportes exportables y programados","Criterios de aceptación: Exportación a CSV/PDF y envío periódico por correo.","High","Fase-2","E08","E08","5","Sprint 14","97"
"E11-S01","Story","API REST pública versionada","Criterios de aceptación: Autenticación por token, límites de uso, paginación y errores estandarizados.","High","Fase-2","E11","E11","13","Sprint 15","98"
"E11-S02","Story","Webhooks salientes","Criterios de aceptación: Eventos de negocio, mensaje y etapa con firma HMAC, reintentos y panel de entregas.","High","Fase-2","E11","E11","8","Sprint 15","99"
"E11-S03","Story","Documentación OpenAPI y sandbox","Criterios de aceptación: Documentación publicada y entorno de pruebas con datos de ejemplo.","High","Fase-2","E11","E11","5","Sprint 15","100"
"E10-S06","Story","Multimoneda","Criterios de aceptación: Precios y negocios en COP, MXN, PEN, CLP y USD con tasa de cambio configurable.","High","Fase-2","E10","E10","8","Sprint 15","101"
"E10-S07","Story","Enlace de pago en la conversación","Criterios de aceptación: Generar y enviar un link de pago (PSE, tarjeta, Nequi vía pasarela) y conciliarlo con el negocio.","High","Fase-2","E10","E10","8","Sprint 15","102"
"E13-S08","Story","Retención de mensajes configurable","Criterios de aceptación: El propietario define cuánto tiempo se conservan mensajes y archivos.","High","Fase-2","E13","E13","5","Sprint 15","103"
"E13-S09","Story","Registro ante RNBD y cumplimiento regional","Criterios de aceptación: Tarea legal: registro de bases de datos ante la SIC cuando aplique; revisión LGPD (Brasil) y LFPDPPP (México).","High","Fase-2","E13","E13","3","Sprint 15","104"
"E14-S05","Story","PWA instalable con notificaciones push","Criterios de aceptación: Instalable en móvil con avisos push de mensajes y tareas.","High","Fase-2","E14","E14","8","Sprint 16","105"
"E14-S06","Story","Centro de ayuda y soporte en español","Criterios de aceptación: Artículos, videos cortos y chat de soporte con horario visible.","High","Fase-2","E14","E14","5","Sprint 16","106"
"E09-S05","Story","Meta Ads: gasto vs. ventas (ROMI)","Criterios de aceptación: Gasto, leads, ingresos y ROMI por campaña calculados con negocios reales.","Medium","Fase-3","E09","E09","13","Sprint 17","107"
"E09-S06","Story","Meta Conversions API","Criterios de aceptación: Envío de eventos de venta del CRM a Meta para optimizar anuncios.","Medium","Fase-3","E09","E09","8","Sprint 17","108"
"E10-S08","Story","Factura electrónica desde un negocio ganado","Criterios de aceptación: El cliente emite su factura DIAN desde el CRM mediante un proveedor (Siigo, Alegra, Factus u otro).","Medium","Fase-3","E10","E10","21","Sprint 17","109"
"E04-S17","Story","Telegram","Criterios de aceptación: Bot vía BotFather; el webhook se configura automáticamente; mensajes llegan a la bandeja.","Medium","Fase-3","E04","E04","5","Sprint 17","110"
"E10-S09","Story","Integración contable","Criterios de aceptación: Sincronización con Siigo, Alegra o World Office: clientes, productos y facturas.","Medium","Fase-3","E10","E10","13","Sprint 18","111"
"E12-S01","Story","Llamadas desde la ficha y registro","Criterios de aceptación: Click-to-call con proveedor VoIP; registro de llamadas en la línea de tiempo.","Medium","Fase-3","E12","E12","13","Sprint 18","112"
"E12-S02","Story","Grabación, transcripción y resumen","Criterios de aceptación: Cada llamada genera un resumen con acuerdos y próximo paso.","Medium","Fase-3","E12","E12","13","Sprint 18","113"
"E05-S14","Story","Reporte semanal de IA al propietario","Criterios de aceptación: Resumen semanal de ventas y pendientes enviado por correo o WhatsApp.","Medium","Fase-3","E05","E05","5","Sprint 18","114"
"E01-S09","Story","Estado del empleado y asignación consciente","Criterios de aceptación: Estados en línea/ausente/no molestar; la asignación automática omite a quienes no están disponibles.","Medium","Fase-3","E01","E01","3","Sprint 18","115"
"E11-S04","Story","Conectores Zapier, Make y n8n","Criterios de aceptación: Disparadores y acciones básicas publicadas en cada plataforma.","Medium","Fase-3","E11","E11","8","Sprint 19","116"
"E11-S05","Story","Migración desde Kommo, Bitrix24, HubSpot y Zoho","Criterios de aceptación: Asistente de migración de negocios, contactos, comentarios y actividades vía API.","Medium","Fase-3","E11","E11","13","Sprint 19","117"
"E11-S06","Story","Integración con Google Sheets","Criterios de aceptación: Exportar o sincronizar contactos y negocios con una hoja.","Medium","Fase-3","E11","E11","5","Sprint 19","118"
"E08-S07","Story","Dashboards personalizables","Criterios de aceptación: Widgets configurables por usuario.","Medium","Fase-3","E08","E08","13","Sprint 19","119"
"E03-S08","Story","Pool compartido de leads","Criterios de aceptación: El primer vendedor que toma el lead se queda con él; el resto deja de verlo.","Medium","Fase-3","E03","E03","8","Sprint 19","120"
"E05-S13","Story","Asistente interno en lenguaje natural","Criterios de aceptación: Consultas del equipo sobre sus datos con permisos por rol; toda acción exige confirmación explícita.","Medium","Fase-3","E05","E05","13","Sprint 20","121"
"E12-S03","Story","Chat interno y reuniones","Criterios de aceptación: Mensajería y videollamadas dentro del CRM con el negocio adjunto.","Medium","Fase-3","E12","E12","21","Sprint 20","122"
"E09-S07","Story","Widget de chat web","Criterios de aceptación: Chat embebible que crea conversaciones en la bandeja.","Medium","Fase-3","E09","E09","13","Sprint 20","123"
"E10-S10","Story","Expansión fiscal regional","Criterios de aceptación: Soporte para CFDI (México), SII (Chile), SUNAT (Perú) y ARCA (Argentina).","Medium","Fase-3","E10","E10","21","Sprint 21","124"
"E13-S10","Story","SSO SAML","Criterios de aceptación: Inicio de sesión único para clientes Enterprise.","Medium","Fase-3","E13","E13","13","Sprint 21","125"
"E01-S10","Story","Multiempresa y sucursales","Criterios de aceptación: Un usuario pertenece a varias empresas con datos, equipo y cuota de almacenamiento separados.","Medium","Fase-3","E01","E01","8","Sprint 21","126"
"E14-S07","Story","App nativa iOS y Android","Criterios de aceptación: Aplicaciones nativas con bandeja, negocios y tareas.","Medium","Fase-3","E14","E14","34","Sprint 22","127"